assault_2018,assault_2019,assault_2020,assault_2021,assault_2022,assault_2023,assault_rate_2018,assault_rate_2019,assault_rate_2020,assault_rate_2021,assault_rate_2022,assault_rate_2023,robbery_2018,robbery_2019,robbery_2020,robbery_2021,robbery_2022,robbery_2023,robbery_rate_2018,robbery_rate_2019,robbery_rate_2020,robbery_rate_2021,robbery_rate_2022,robbery_rate_2023,breakenter_2018,breakenter_2019,breakenter_2020,breakenter_2021,breakenter_2022,breakenter_2023,breakenter_rate_2018,breakenter_rate_2019,breakenter_rate_2020,breakenter_rate_2021,breakenter_rate_2022,breakenter_rate_2023,biketheft_2018,biketheft_2019,biketheft_2020,biketheft_2021,biketheft_2022,biketheft_2023,biketheft_rate_2018,biketheft_rate_2019,biketheft_rate_2020,biketheft_rate_2021,biketheft_rate_2022,biketheft_rate_2023
85,70,82,121,128,101,431.5816345,345.8668823,396.8446045,577.4553833,597.6281738,459.3623657,17,5,16,11,16,3,86.31632233,24.70477867,77.43309021,52.49594498,74.70352173,13.64442635,48,83,70,44,26,43,243.7166748,410.0993042,338.7697754,209.9837799,121.393219,195.5701141,30,42,94,34,18,37,152.3229218,207.5201416,454.9194336,162.2601929,81.86655751,168.28125
55,77,72,104,130,105,433.5487976,582.0105591,525.9697266,740.5825195,893.8393555,696.4249878,9,19,3,10,11,14,70.9443512,143.6130066,21.91540718,71.20985413,75.63256073,92.85666656,42,36,88,49,46,31,331.0736389,272.1088562,642.8519287,348.9282837,316.2816162,205.6111908,17,22,50,22,10,22,134.0059967,166.2887421,365.2567749,156.6616821,66.32619221,145.9176178
94,96,75,101,95,104,684.9315186,694.3439941,542.7310181,734.3318481,688.9549561,751.6080322,31,14,15,22,10,21,225.8816681,101.2584991,108.5462036,159.9534607,72.52157593,151.7669983,50,83,47,19,33,46,364.3252563,600.3182373,340.1114502,138.1416321,239.3211975,332.4420166,30,26,28,26,20,38,218.5951691,188.0514984,202.6195831,189.0359192,144.5400014,274.6260071
157,182,169,178,139,229,627.0218506,716.8458862,661.9922485,696.6459351,539.2404175,872.7134399,18,30,22,11,20,18,71.88785553,118.1614075,86.17650604,43.05115128,77.58854675,68.5975647,91,103,110,76,56,82,363.43304439999997,405.6875,430.8825378,297.4443359,217.2479401,312.5,65,70,54,36,36,55,259.5950317,275.7099609,211.5241547,140.8946838,137.195122,209.603653
576,660,383,323,443,543,4575.786621,5048.573242,2842.933594,2343.636719,3116.864746,3686.104248,88,63,55,51,55,62,699.0784912,481.9092712,408.2541504,370.0478821,386.9696655,420.881134,100,119,149,112,123,108,794.4073486,910.2730713,1105.997681,812.6541748,865.4049072,733.1477661,267,219,173,169,230,228,2121.067627,1675.208496,1284.144897,1226.237061,1561.333243,1547.75647
135,164,101,147,120,142,818.2313843,958.671875,573.7006836,817.256897,647.5985107,745.2112427,29,36,19,23,19,20,175.7682343,210.4401703,107.9238815,127.8701248,102.5364304,104.9593277,71,82,79,38,43,61,430.3291016,479.3359375,448.736145,211.2636871,232.0561218,320.125946,96,70,59,58,68,56,581.8534546,409.189209,335.1320496,322.4551086,356.8617161,293.8861084
182,204,134,129,166,237,916.5533447,1012.155823,660.0985107,634.6551514,809.9536743,1140.904053,44,35,19,49,54,55,221.5843353,173.6541748,93.59606171,241.0705566,263.4789124,264.7667542,33,30,20,19,24,29,166.1882477,148.8464355,98.52217102,93.47633362,117.1017303,139.6042938,2,3,1,4,6,10,10.07201481,14.88464355,4.92610836,19.67922783,28.88364704,48.13941193
127,143,128,134,153,208,776.3310547,861.9130859,766.6506958,801.3395386,906.0223999,1223.313477,34,20,7,11,25,28,207.8366699,120.547287,41.9262085,65.78160858,148.0428772,164.6768188,42,37,45,28,32,74,256.7394104,223.0124817,269.5256348,167.4440918,189.494873,435.2173157,10,8,5,6,6,8,61.12842941,48.21891403,29.94729233,35.88087463,35.28789037,47.05052185
302,295,235,293,310,447,1450.876831,1400.759766,1111.741943,1388.428223,1458.480347,2078.779785,38,41,50,29,39,30,182.5606537,194.6818542,236.5408325,137.4212189,183.4862366,139.5154114,44,80,44,63,50,89,211.3860168,379.8670349,208.1559296,298.5357666,235.2387695,413.8957214,7,8,11,9,14,12,33.6295929,37.98670578,52.03898239,42.64796448,65.10719434,55.8061676
74,46,43,56,37,50,495.3809204,301.8174744,278.2991333,360.2676392,234.1772156,309.6166992,11,5,9,8,4,6,73.63770294,32.80624771,58.24865723,51.4668045,25.31645584,37.15400314,13,13,13,17,8,19,87.02637482,85.29624176,84.13694763,109.3669586,50.63291168,117.6543427,6,13,37,20,29,9,40.16601944,85.29624176,239.4667053,128.6670074,179.5776828,55.73100662
46,52,40,53,58,48,271.5947266,300.3870239,227.9981689,299.8415833,322.688324,262.5102539,32,23,18,9,12,17,188.9354706,132.8634949,102.5991821,50.91649628,66.76309967,92.97238159,56,54,36,26,40,73,330.6370544,311.9403992,205.1983643,147.0921021,222.5436707,399.2343445,1,4,16,12,8,10,5.904233456,23.10669518,91.19927216,67.88866425,43.75170905,54.68963623
86,81,64,77,83,104,384.1000366,357.5211792,281.0839233,338.3425598,361.718811,447.619873,26,19,12,29,7,14,116.1232681,83.86299133,52.70323563,127.4277191,30.50640678,60.25651932,7,22,27,19,17,16,31.26395798,97.10452271,118.582283,83.48712921,74.08699036,68.86459351,13,12,26,14,28,17,58.06163406,52.9661026,114.1903458,61.51683044,120.5130412,73.16863251
90,104,112,84,103,130,409.9107361,467.7310486,501.0961609,375.956665,457.4524841,567.4625854,16,24,5,8,9,14,72.87301636,107.9379349,22.37036324,35.80539703,39.97157669,61.11135483,44,34,24,20,11,20,200.4008026,152.9120789,107.3777466,89.5134964,48.85414886,87.30193329,2,4,2,5,3,7,9.109127045,17.98965645,8.948145866,22.3783741,13.09529006,30.55567741
46,56,37,51,62,96,312.6911926,377.8167725,249.8818054,346.750061,420.5670776,649.1749878,5,10,4,15,7,6,33.98817062,67.46727753,27.0142498,101.9853134,47.48337936,40.57343674,34,34,24,17,18,35,231.1195679,229.3887482,162.085495,115.5833588,122.1001205,236.6783905,4,2,2,3,0,2,27.19053841,13.49345589,13.5071249,20.3970623,0,13.52447891
75,92,104,79,77,83,325.3090515,393.9367981,443.0056152,336.6286011,325.3750305,346.0063477,21,45,11,7,7,10,91.08653259,192.6864777,46.8563652,29.82785034,29.57954788,41.68751144,35,40,23,14,24,26,151.8108826,171.2768707,97.97239685,59.65570068,101.415596,108.3875275,4,2,1,2,3,7,17.34981537,8.563843727,4.259669304,8.5222435,12.50625313,29.18125725
88,107,82,101,95,118,379.5230103,454.6033936,345.8018799,425.173645,396.0478516,484.1224365,22,20,16,8,10,19,94.88075256,84.97259521,67.47354126,33.67712021,41.68924713,77.95191956,41,46,25,17,17,27,176.8232269,195.4369659,105.4274063,71.56388092,70.87171936,110.7737732,7,6,5,7,3,8,30.18933105,25.49177933,21.08547974,29.46747971,12.30819726,32.82185745
177,217,167,142,129,145,647.4030762,784.8952637,602.5617676,513.5438232,463.6785278,516.0509644,32,23,17,22,18,20,117.0446243,83.19166565,61.33862686,79.56312561,64.69932556,71.17944336,33,15,14,20,16,33,120.7022705,54.25543594,50.51416016,72.33011627,57.51051331,117.4460831,2,2,3,7,1,6,7.315289021,7.234057903,10.82446289,25.31554031,3.558972169,21.35383224
101,119,72,89,85,93,534.1089478,622.2872925,375.4693298,465.5542297,442.2706604,479.0851135,21,25,7,20,13,14,111.0523529,130.7326202,36.50396347,104.618927,67.64139557,72.12033844,31,29,11,14,8,16,163.934433,151.6498413,57.36336899,73.23324585,41.62547302,82.42324066,2,5,4,1,3,2,10.57641506,26.14652443,20.85940742,5.230946064,15.45435813,10.30290508
110,113,82,86,101,119,404.4266357,410.9090881,297.1983643,312.2617188,364.134552,422.4801941,18,12,18,12,27,23,66.17890167,43.63636398,65.23866272,43.5714035,97.34290314,81.65583801,45,36,19,25,24,33,165.4472656,130.9090881,68.86303711,90.77375793,86.52702332,117.1583786,2,1,0,4,2,1,7.353211403,3.636363745,0,14.52380085,7.100507686,3.550253868
86,75,66,66,62,70,397.6143188,342.2625732,299.8500671,299.9182129,279.7202759,312.5558167,14,23,26,7,14,22,64.7279129,104.9605255,118.12275699999999,31.80950737,63.16264343,98.23182678,36,23,19,22,22,26,166.4432068,104.9605255,86.32047272,99.97273254,99.25558472,116.0921631,20,8,7,3,4,4,92.46844482,36.50800705,31.80228043,13.63264561,17.8603322,17.86033249
177,210,181,178,183,186,619.4225464,726.5430298,623.2352905,614.725769,627.3568726,630.5084839,36,19,26,10,23,22,125.9842529,65.73484802,89.5255127,34.53515625,78.84812927,74.57627106,61,60,25,28,35,44,213.4733124,207.583725,86.08222198,96.69844055,119.98629,149.1525421,5,4,0,4,9,13,17.49781227,13.83891487,0,13.81406307,30.50847458,44.0677948
200,226,168,185,198,193,722.2041626,806.0202026,596.3579712,656.9135742,698.3880615,673.6239624,41,47,28,21,16,32,148.0518494,167.6236725,99.39299011,74.56856537,56.4353981,111.6889496,38,40,40,27,29,24,137.2187958,142.6584473,141.9899902,95.87387085,102.2891617,83.76670837,3,2,3,2,2,8,10.83306217,7.132922173,10.64924908,7.101768494,6.980559143,27.9222374
47,30,37,36,37,56,463.9684143,293.1118774,360.4832458,351.8373718,360.0272522,542.0054321,5,7,3,4,6,1,49.35834122,68.39276886,29.22837067,39.09304047,58.38279724,9.678668022,16,10,3,7,6,9,157.9466858,97.7039566,29.22837067,68.41281891,58.38279724,87.10801697,1,2,4,0,2,2,9.871667862,19.54079056,38.97116089,0,19.35733643,19.35733604
179,174,180,120,156,153,1033.069824,994.9110718,1027.221313,687.1278076,889.8015137,863.7723999,11,28,17,15,9,24,63.48473358,160.1006317,97.01535034,85.89097595,51.33470154,135.4936981,45,40,28,22,20,36,259.7102661,228.7151947,159.7899933,125.9734344,114.0771179,203.2405548,0,2,9,5,9,6,0,11.43575954,51.36106873,28.63032532,50.81013945,33.87342453
185,197,146,161,174,168,786.3640137,828.392395,611.6464233,675.5339355,726.1194458,693.3267212,35,29,21,16,25,33,148.7715759,121.9460907,87.97653961,67.13380432,104.327507,136.1891785,45,58,23,30,39,53,191.2777405,243.8921814,96.35525513,125.875885,162.7509003,218.7280731,1,5,11,2,7,16,4.25061655,21.02518845,46.08295059,8.39172554,28.88861376,66.0311203
422,439,336,328,382,443,1482.574463,1525.629883,1164.281494,1139.324097,1319.926758,1514.064087,50,72,36,43,63,56,175.6604767,250.2172089,124.7444458,149.3626099,217.6842499,191.394104,103,77,57,71,45,54,361.8605957,267.5933838,197.5120392,246.6219788,155.4887543,184.5585938,7,12,11,18,17,15,24.59246826,41.7028656,38.11635971,62.52388,58.10178065,51.26627731
135,177,106,83,125,131,746.062439,968.5362549,578.6973877,454.7695923,681.7562256,709.5271606,13,18,8,5,17,3,71.8430481,98.49520874,43.6752739,27.39575958,92.71884155,16.24871445,19,17,18,16,11,8,105.0013809,93.02325439,98.26937103,87.66642761,59.99454498,43.32990265,1,1,0,0,1,2,5.526388645,5.471956253,0,0,5.416237881,10.83247566
50,63,33,42,60,64,376.7897644,468.3666687,244.227356,310.4212952,439.335144,461.3942871,5,14,2,2,2,3,37.67897415,104.0814819,14.80165768,14.78196621,14.64450455,21.62785721,30,33,14,5,14,14,226.0738525,245.3349152,103.6116028,36.95491409,102.5115356,100.9300003,0,3,0,0,3,3,0,22.30317497,0,0,21.62785668,21.62785721
44,49,47,37,39,39,311.0419922,342.2982788,326.7292175,257.2302551,268.8728027,266.9587097,6,1,3,6,NA,7,42.41481781,6.98567915,20.85505676,41.7130127,NA,47.91566849,16,29,8,5,21,17,113.1061783,202.5847015,55.61348724,34.76084518,144.7776642,116.3666229,6,3,3,0,0,NA,42.41481781,20.95703888,20.85505676,0,0,NA
73,96,85,64,67,89,264.7613525,344.0366821,303.5497437,228.9967041,238.1460114,313.7006226,17,35,32,16,34,37,61.65675354,125.4300461,114.2775497,57.24917603,120.8502197,130.414856,120,132,60,89,63,77,435.2241516,473.0504456,214.2704163,318.4485474,223.9283447,271.4039001,4,3,1,8,1,3,14.50747108,10.75114632,3.571173429,28.62458801,3.524725953,10.57417774
80,81,74,62,78,82,262.7861938,263.0211792,239.4899445,200.9659271,251.4344635,262.3160706,44,37,17,7,11,15,144.5324097,120.1454697,55.01796341,22.68970299,35.4587059,47.98464584,69,56,17,18,24,44,226.6530914,181.8417969,55.01796341,58.34494781,77.36444855,140.7549591,1,1,1,2,0,4,3.284827471,3.247174978,3.236350775,6.482771873,0,12.79590511
118,121,127,152,177,191,461.5324402,462.1142578,477.2462463,565.0557861,645.8204346,679.7879028,33,28,18,19,33,18,129.0726318,106.9355316,67.6411972,70.63197327,120.407196,64.06378174,93,100,81,44,53,67,363.7501526,381.9126282,304.3854065,163.5687714,193.3812561,238.4596252,6,3,5,10,6,12,23.46775055,11.45737839,18.78922272,37.17472076,21.35459302,42.70918655
201,165,129,141,187,218,781.432251,635.2995605,495.3916931,543.1223755,716.6672974,829.3388062,35,38,25,17,30,30,136.0702972,146.3114166,96.00614166,65.48284149,114.9733658,114.1291962,66,57,72,38,73,66,256.5896912,219.4671173,276.4976807,146.3734131,279.7685242,251.0842285,2,1,3,8,15,15,7.775444984,3.850300312,11.52073765,30.81545448,57.06459712,57.06459808
89,80,85,92,83,126,624.9561157,558.8543701,596.2401733,650.3605347,587.361145,892.2880859,7,12,2,4,4,4,49.15385056,83.82815552,14.02918053,28.27654457,28.30656052,28.32660484,19,19,15,18,12,15,133.4176025,132.7279053,105.2188568,127.2444534,84.91967773,106.2247696,3,4,4,1,3,5,21.06593704,27.9427166,28.05836105,7.069136143,21.24495432,35.40825653
221,222,183,182,226,317,1231.678101,1227.604492,1011.944275,1013.024597,1254.022827,1744.345947,31,29,27,28,30,33,172.7693176,160.3627472,149.3032532,155.8499451,166.4632111,181.5880737,48,41,32,35,44,41,267.5137939,226.7197571,176.9519958,194.8124237,244.1460419,225.6094208,12,3,4,9,8,8,66.87844849,16.58925056,22.11899948,50.09462357,44.02135035,44.02135086
138,136,110,98,134,183,818.0201416,793.0029297,635.5809937,564.1261597,762.6202393,1021.09137,15,29,23,13,14,13,88.91523743,169.0962067,132.8942108,74.83306122,79.67674255,72.5365448,53,46,36,30,21,24,314.1671753,268.2215881,208.008316,172.6916809,119.5151138,133.91362,1,4,5,2,3,3,5.9276824,23.32361603,28.89004517,11.51277924,16.73920321,16.7392025
199,209,146,142,159,209,871.2021484,904.7619019,630.5878296,615.3846436,685.5812378,892.5139771,22,32,21,14,15,13,96.31380463,138.5281372,90.70098877,60.67172241,64.67747498,55.51522446,70,57,46,42,31,35,306.4530334,246.7532501,198.67836,182.0151672,133.6667786,149.4640656,8,5,14,11,6,6,35.02320099,21.64502144,60.46732712,47.67063904,25.62241107,25.62241173
503,620,508,599,543,656,3452.536133,4050.698975,3184.354004,3633.606201,3168.952393,3639.793701,143,115,86,96,76,90,981.5361328,751.3393555,539.0835571,582.3475952,443.5366211,499.3619385,123,181,144,161,110,118,844.2583618,1182.542847,902.6515503,976.6454468,641.9608765,654.7189941,188,172,102,165,177,205,1290.411133,1123.74231,639.3781738,1000.909912,982.0784553,1137.435547
362,350,306,399,385,334,1803.956787,1687.641602,1438.443115,1841.425171,1730.725952,1456.098999,54,48,57,41,43,55,269.0985107,231.447998,267.945282,189.2191315,193.3018646,239.7767944,79,128,98,87,73,76,393.6811829,617.1946411,460.6778564,401.5137634,328.1636353,331.3279419,92,120,109,98,86,102,458.4641418,578.6199951,512.3865967,452.2798462,374.9237074,444.6769409
317,282,278,365,403,445,1200.257446,1025.268188,977.668396,1252.65979,1336.73877,1435.344971,42,32,45,43,34,42,159.0246429,116.3424835,158.2556763,147.5736084,112.7769699,135.4707642,78,104,98,150,128,97,295.33148189999997,378.1130676,344.6456909,514.791687,424.572113,312.8729553,153,146,129,132,124,106,579.3040771,530.812561,453.6662598,453.0166931,399.9612941,341.9024048
149,185,224,283,266,271,523.965271,633.7786865,752.3342285,938.7335205,863.4681396,860.946106,26,20,16,23,33,22,91.43017578,68.51661682,53.73815918,76.29283142,107.1219864,69.89230347,81,82,75,54,58,77,284.8401794,280.9181213,251.8976288,179.1222992,188.2750092,244.6230621,129,129,77,93,93,88,453.6343384,441.9321594,258.6148987,308.4884033,295.4538234,279.5692139
489,425,320,375,474,429,2241.063232,1810.899536,1280,1424.772095,1698.742065,1485.971558,53,51,24,26,63,46,242.8964233,217.3079376,96,98.78419495,225.7821808,159.3349457,176,156,180,149,128,141,806.5994263,664.706604,720,566.109436,458.7320251,488.3962708,186,144,117,106,115,80,852.4289551,613.5753784,468,402.7355652,398.3373744,277.104248
130,125,93,153,164,167,664.31604,621.1488647,452.2906189,734.2355347,768.9422607,763.9524536,5,8,14,7,10,7,25.55061531,39.75352859,68.08676147,33.59247589,46.88672256,32.0219574,43,83,46,41,28,33,219.7352905,412.4428406,223.7136536,196.7559204,131.2828217,150.9606628,102,120,66,54,32,43,521.2325439,596.3029175,320.9804382,259.1419373,146.3860933,196.7063141
107,115,102,112,117,108,752.8848877,795.7376099,698.7258301,764.0357666,789.6868286,713.5306396,8,11,8,13,6,10,56.29045868,76.11402893,54.80202866,88.682724,40.49676132,66.06764984,28,65,63,51,36,43,197.0166016,449.76474,431.565979,347.9091492,242.9805603,284.0909119,66,88,82,38,28,42,464.3962708,608.9122314,561.7207642,259.2264099,184.9894292,277.4841309
75,94,82,102,121,152,409.7688904,498.5679321,424.9585266,520.7801514,602.7397461,729.9971313,15,10,8,6,8,9,81.95378113,53.03914261,41.45936966,30.63412666,39.85055923,43.22351456,14,34,19,29,27,37,76.49019623,180.3330841,98.46600342,148.0649414,134.495636,177.6966705,62,74,39,23,23,16,338.7422791,392.4896545,202.1144257,117.4308167,110.4600903,76.8418045
413,230,205,268,343,519,2311.265381,1273.039185,1130.722534,1480.744751,1885.029663,2834.052246,14,7,3,8,16,8,78.34797668,38.74467087,16.54715919,44.20133591,87.93141174,43.68481445,36,46,34,25,47,34,201.4662323,254.6078491,187.5344696,138.1291809,258.2985229,185.6604614,40,23,9,18,25,5,223.8513641,127.3039246,49.64147949,99.45301056,136.515044,27.30300903
155,137,142,156,205,308,686.6610718,589.1712646,596.814209,645.8023071,828.3497925,1208.079956,20,22,19,11,43,40,88.60142517,94.6114502,79.85542297,45.53734207,173.7514191,156.8935089,71,74,56,76,86,70,314.5350647,318.2384949,235.3633423,314.6216125,347.5028381,274.5636292,11,16,17,23,14,17,48.73078537,68.80832672,71.44958496,95.21443939,54.91272799,66.67974091
83,77,75,56,96,137,339.8992615,310.3962708,299.808136,223.1342316,378.3400269,528.2029419,14,15,16,10,26,12,57.33240509,60.4668045,63.95906448,39.84539795,102.4670944,46.26595306,48,51,43,44,53,58,196.5682526,205.5871277,171.8899841,175.3197632,208.8752289,223.6187744,4,7,13,8,4,8,16.38068771,28.2178421,51.96673965,31.87631989,15.42198404,30.84396744
84,67,79,62,41,82,765.3061523,608.6482544,719.293457,569.2250977,376.76898189999997,753.6071777,4,6,3,9,5,20,36.44314957,54.5058136,27.31494141,82.62945557,45.94743729,183.8066406,18,21,11,4,8,15,163.9941711,190.7703552,100.1547852,36.7242012,73.51589966,137.8549805,0,1,0,3,3,2,0,9.084301949,0,27.54315186,27.57099531,18.38066292
62,75,51,65,61,63,593.869751,712.9277344,484.6526794,621.414917,581.2845459,595.4068604,9,16,7,3,4,4,86.20689392,152.0912476,66.52095032,28.68068886,38.11701965,37.80361176,9,9,10,10,6,14,86.20689392,85.55133057,95.02993774,95.60229492,57.17552948,132.3126373,3,0,4,3,2,9,28.73563194,0,38.01197433,28.68068886,18.90180512,85.05812073
78,74,75,65,91,89,520.833313,490.0662231,496.1958313,432.4396362,603.288269,587.6138916,23,27,8,14,14,22,153.5790558,178.8079529,52.92755508,93.14083862,92.81357574,145.2528687,33,49,46,39,26,38,220.3525696,324.5033264,304.3334351,259.4637756,172.3680725,250.8913269,12,3,13,1,5,5,80.12820435,19.8675499,86.00727844,6.652917385,33.01201637,33.0120163
139,164,126,103,164,112,628.1350098,735.2941284,564.7944946,464.2149048,737.3768921,499.9107361,20,45,25,14,25,13,90.37914276,201.7575378,112.0623932,63.09716797,112.405014,58.02535248,19,49,32,36,38,36,85.86018372,219.6915283,143.4398651,162.2498627,170.8556213,160.6855927,7,12,13,11,12,10,31.63269997,53.802009580000004,58.27244568,49.57634735,53.56186395,44.6348877
47,45,42,49,42,54,310.8876953,294.0407715,273.1707458,319.1974487,271.7039795,345.7106323,4,11,6,3,5,1,26.45852661,71.87663269,39.02439117,19.54270172,32.34571075,6.402048588,34,28,49,19,32,38,224.8974762,182.95870969999999,318.6991882,123.7704391,207.0125427,243.2778473,19,13,29,16,23,14,125.6780014,84.94511414,188.6178894,104.2277374,147.2471191,89.62867737
21,37,43,38,32,32,136.7098541,238.8483582,277.5447083,246.4651642,206.7183533,205.3783417,2,5,12,8,6,6,13.01998615,32.27680588,77.45433044,51.8874054,38.75968933,38.50843811,13,23,19,20,29,33,84.6299057,148.4733124,122.6360321,129.7185059,187.338501,211.7964172,12,23,17,19,11,6,78.11991119,148.4733124,109.7269745,123.2325821,70.59880624,38.50843811
14,24,27,35,33,33,86.4357605,146.4754333,164.1736603,212.9342346,199.3716736,196.686142,5,15,12,7,8,7,30.86991501,91.54714966,72.96607208,42.5868454,48.33252716,41.72130203,36,57,58,26,35,58,222.263382,347.8791504,352.669342,158.179718,211.4548035,345.6907959,16,11,32,17,9,6,98.78372192,67.13457489,194.5761871,103.4252014,53.64167362,35.76111603
33,40,40,40,45,63,249.6217804,301.023468,301.5908813,303.7897644,341.5559692,478.287262,16,19,16,2,7,9,121.0287476,142.9861603,120.6363602,15.18948841,53.13092804,68.32675171,42,38,45,12,14,46,317.7004395,285.9723206,339.2897644,91.13693237,106.2618561,349.2256165,7,20,24,5,2,3,52.95007706,150.511734,180.9545288,37.97372055,15.18372305,22.77558517
13,28,26,18,33,43,114.0751114,241.2337341,221.5028076,152.5423737,275.8505249,353.6184082,8,18,5,2,NA,1,70.20007324,155.0788269,42.59669495,16.94915199,NA,8.223684311,42,35,33,25,26,75,368.550354,301.5421753,281.1381836,211.8644104,217.336792,616.7763062,16,8,23,21,7,11,140.4001465,68.92392731,195.9447937,177.966095,57.56578947,90.46052551
59,90,91,64,123,104,462.3462219,691.5098267,691.7521973,483.7124939,916.4741821,756.7489014,28,12,9,4,4,12,219.4185333,92.2013092,68.41505432,30.23203087,29.804039,87.31717682,25,41,34,31,33,33,195.9094086,315.0211182,258.4568481,234.298233,245.883316,240.1222382,14,16,38,14,14,16,109.7092667,122.9350739,288.8635559,105.8121109,101.8700429,116.422905
38,58,42,47,54,77,214.4590607,324.2940979,234.4796753,263.3790894,301.1040344,425.790741,9,13,15,9,4,8,50.79293442,72.68660736,83.74274445,50.43429565,22.30400276,44.23799896,36,50,37,33,28,20,203.1717377,279.5638733,206.5654297,184.9257507,156.1280212,110.5950012,24,19,36,23,12,13,135.4478302,106.2342758,200.9825745,128.8876495,66.35700066,71.88674927
131,129,148,150,215,271,597.87323,579.8013306,660.4489136,668.2407227,947.9299927,1175.552002,25,22,22,28,20,24,114.0979385,98.88085175,98.17484283,124.7382736,88.17953491,104.1079254,62,101,99,64,68,101,282.9628906,453.9529724,441.7867737,285.1160583,299.8104248,438.1208496,66,69,73,52,72,45,301.2185669,310.1263123,325.7619629,231.6567841,312.3237756,195.2023621
27,35,23,50,45,35,203.8351135,260.3198242,169.9423676,368.8131714,328.5151062,250.8421173,1,2,4,5,7,2,7.549448967,14.87541866,29.55519485,36.88131714,51.10235214,14.33383465,24,28,27,30,26,36,181.1867676,208.2558594,199.4975586,221.2879028,189.8087311,258.0090332,15,24,25,12,19,14,113.2417297,178.5050201,184.7199707,88.51515961,136.1714327,100.3368454
44,55,65,46,59,56,383.4422607,473.3626099,555.7455444,392.9273071,499.3652039,467.7580872,6,8,3,1,10,15,52.2875824,68.85273743,25.64979553,8.541897774,84.63816833,125.2923508,23,34,36,35,18,47,200.43573,292.6241455,307.7975464,298.9664307,152.3487091,392.5827026,17,19,24,18,6,9,148.1481476,163.5252533,205.1983643,153.7541656,50.11693953,75.17540741
246,283,259,304,365,396,785.2651367,882.7199097,795.6256104,924.6585693,1092.029663,1147.759521,43,33,40,47,43,67,137.2617798,102.9319992,122.8765411,142.957077,128.6500702,194.1916351,172,212,204,157,139,138,549.0471191,661.2601318,626.6703491,477.5374756,415.8688354,399.9768066,124,143,164,118,77,81,395.8246765,446.0386658,503.7938232,358.9135132,223.1754681,234.7689972
75,69,84,60,85,89,532.4435425,483.3963928,585.0804443,417.3912964,587.6659546,609.213501,22,12,19,5,6,25,156.1834412,84.06893921,132.3396301,34.78260803,41.4822998,171.1273804,30,49,45,33,28,41,212.977417,343.2814941,313.4359436,229.5652161,193.5840759,280.6489258,14,23,21,13,16,13,99.38946533,161.1321259,146.2701111,90.43478394,109.5215278,88.9862442
91,93,85,114,99,147,618.6688232,628.293457,575.9978027,777.5731812,674.8466187,994.3181763,18,32,12,1,11,19,122.374054,216.1869965,81.31734467,6.820816994,74.98295593,128.5173187,32,40,41,31,24,41,217.5538788,270.2337646,277.834259,211.4453278,163.5991821,277.3268433,5,10,15,12,7,18,33.99279404,67.55844116,101.6466751,81.84980774,47.34848485,121.7532501
87,115,102,92,101,119,739.6072388,962.5847778,847.1760864,763.2321167,829.5687866,965.1257324,25,5,4,6,11,6,212.5308228,41.85150909,33.2225914,49.77600861,90.34907532,48.66180038,23,24,30,23,14,38,195.5283508,200.8872528,249.1694336,190.8080292,114.9897308,308.1914063,0,9,6,2,3,7,0,75.3327179,49.83388519,16.59200287,24.33090024,56.77210236
133,93,103,115,113,136,898.8916016,621.8656006,686.3006592,768.203064,750.8804321,891.6863403,26,15,12,9,23,19,175.723175,100.3009033,79.95735931,60.12023926,152.8340759,124.5738297,62,42,51,45,56,68,419.0321655,280.8425293,339.8187561,300.6011963,372.1177368,445.8431702,26,22,21,15,10,16,175.723175,147.1079865,139.9253693,100.2004013,65.56517178,104.904274
163,165,158,189,186,215,1118.123169,1112.68457,1055.514771,1258.657471,1225.054321,1397.101807,37,33,26,22,11,20,253.8071136,222.5369263,173.6922913,146.5103912,72.44944763,129.9629669,65,50,36,28,35,29,445.8773499,337.1771545,240.4970245,186.4677734,230.5209808,188.4462891,12,10,6,8,7,3,82.31581879,67.43543243,40.08283615,53.27650452,45.48703619,19.49444389
299,295,197,239,256,278,1073.493042,1047.882935,697.8391724,847.8183594,903.3806152,965.8814697,30,40,31,9,19,22,107.7083282,142.0858154,109.8122559,31.92621422,67.0477829,76.43666077,65,65,60,57,77,59,233.368042,230.8894501,212.539856,202.1993561,271.7199402,204.9892273,10,6,5,12,7,8,35.90277481,21.31287384,17.71165466,42.5682869,24.32075603,27.79514885
202,242,163,212,209,260,693.2290039,821.7038574,552.0371094,719.0584106,705.0806274,870.4385376,35,31,29,28,39,31,120.1139374,105.2595825,98.2151947,94.96998596,131.5700684,103.7830582,100,86,80,70,75,77,343.1826782,292.0104675,270.9384766,237.4249573,253.0193634,257.7837219,7,6,11,10,10,27,24.02278709,20.37282181,37.25403976,33.91785049,33.47840643,90.39170074
132,114,135,119,118,136,460.3634033,392.4133301,462.2812805,407.6738586,400.7743835,456.8357544,17,29,18,13,32,21,59.28922653,99.82444763,61.63750458,44.53580093,108.6845779,70.54080963,77,67,54,15,35,43,268.5453186,230.628891,184.9125061,51.38746262,118.8737564,144.4407196,4,6,13,7,9,16,13.95040607,20.65333366,44.51597595,23.98081589,30.23177696,53.7453804
33,47,39,51,45,49,128.9012146,181.6425171,150.2079773,196.8655853,172.6983185,185.6412201,9,8,6,7,7,7,35.15487671,30.91787529,23.10891914,27.02076721,26.86418152,26.52017403,62,66,25,17,33,27,242.1780396,255.072464,96.28717041,65.62186432,126.6454315,102.292099,0,0,0,0,1,3,0,0,0,0,3.788596325,11.36578941
94,92,72,98,119,122,670.8056641,650.3605347,508.1516113,693.8052979,838.9735107,855.7800293,10,16,19,11,7,9,71.36230469,113.1061783,134.0955658,77.87610626,49.35138321,63.13131332,21,14,22,15,24,31,149.8608398,98.96790314,155.2685394,106.1946869,169.2047424,217.452301,2,2,1,6,4,3,14.27246094,14.13827229,7.057661057,42.47787476,28.05836139,21.04377174
25,26,31,34,54,31,300.4446716,310.893219,371.47991939999997,410.8761292,652.4102783,373.7641602,1,4,1,NA,1,5,12.01778603,47.82972717,11.98322392,NA,12.08167171,60.28454208,10,15,13,6,11,15,120.1778641,179.3614807,155.7819061,72.5075531,132.8983917,180.8536224,6,10,10,6,6,1,72.10671997,119.5743179,119.8322372,72.5075531,72.34145165,12.05690861
156,191,204,204,242,243,823.0886841,992.7235107,1053.338135,1052.088745,1236.523438,1226.715088,42,25,27,25,32,36,221.6007996,129.9376373,139.4123993,128.9324341,163.5072327,181.7355804,38,58,24,36,46,61,200.4959564,301.4552917,123.9221344,185.6627197,235.0416412,307.9408264,13,8,10,6,6,11,68.59072113,41.58003998,51.63422394,30.94378471,30.28926246,55.5303154
47,67,47,57,70,82,691.7868652,974.2620239,679.6818237,824.1758423,1005.313782,1161.966797,13,12,4,13,2,12,191.3453064,174.4946899,57.84526443,187.9699249,28.72325134,170.0439301,25,11,7,7,13,24,367.9717407,159.9534607,101.2292099,101.2145767,186.7011414,340.0878601,1,1,0,0,0,3,14.71886921,14.54122448,0,0,0,42.51098251
132,148,126,139,174,180,565.6011353,630.2163086,537.473877,596.7714233,745.916748,767.4924316,19,9,14,16,19,20,81.41229248,38.32396698,59.71931839,68.69311523,81.45067596,85.27693939,24,43,37,35,33,53,102.8365784,183.1033936,157.8296356,150.2661896,141.4669647,225.9838867,6,5,1,11,7,12,25.70914459,21.29109192,4.265665531,47.22651672,29.8469279,51.16616058
78,60,84,75,105,112,662.7581177,504.8380432,705.8823242,632.2178345,880.2816772,935.7506714,20,11,11,7,11,26,169.937973,92.55364227,92.43697357,59.00699615,92.21998596,217.2278442,31,18,23,27,17,29,263.4038696,151.451416,193.2773132,227.5984192,142.5218048,242.2925873,3,2,5,2,3,2,25.49069595,16.82793427,42.01680756,16.8591423,25.06475061,16.70983315
83,95,60,78,85,77,567.8319702,645.2050781,408.0244751,533.078186,579.9276733,523.8451538,21,10,9,9,13,21,143.668335,67.91632843,61.2036705,61.50902176,88.69482422,142.8668671,46,51,48,32,36,35,314.7020569,346.3732605,326.4195862,218.6987457,245.6164246,238.1114349,65,48,65,28,32,33,444.6876831,325.9983826,442.0265198,191.3614044,217.7018845,224.5050659
126,129,74,92,110,127,1748.785522,1759.410767,1003.117798,1243.243286,1476.708252,1679.005859,20,16,9,12,14,14,277.585022,218.2214966,122.0008163,162.1621552,187.9446869,185.0872498,74,91,59,32,39,55,1027.064575,1241.134766,799.7830811,432.4324341,523.5601807,727.128479,140,75,69,61,116,53,1943.095093,1022.913269,935.3395386,824.3243408,1533.580116,700.687439
435,381,394,380,381,482,2265.861084,1935.287231,1969.606079,1879.141479,1849.963623,2270.479004,79,47,43,25,42,46,411.5011902,238.7362213,214.957016,123.6277313,203.9329987,216.6847229,240,278,174,97,104,145,1250.130249,1412.099365,869.8260498,479.6755981,504.9769287,683.0279541,142,119,99,107,89,137,739.6604004,604.4597778,494.9010315,529.126709,419.237835,645.3436279
167,228,232,261,221,276,846.5983887,1140.798584,1152.737793,1297.410156,1088.777222,1346.867065,30,34,35,16,23,29,152.0835419,170.1190796,173.9044037,79.53472137,113.3116531,141.5186462,71,70,61,45,37,40,359.9310608,350.2451782,303.0905151,223.6914063,182.2839661,195.1981201,40,54,50,27,36,41,202.7780609,270.1891174,248.4348602,134.2148438,175.6783135,200.0780792
556,642,756,637,548,627,2760.812256,3103.248291,3582.768555,2980.5354,2516.531982,2823.434082,160,140,136,88,66,56,794.4783936,676.7208252,644.5192261,411.7536926,303.085968,252.1727448,137,232,202,154,128,145,680.2720947,1121.423096,957.3005981,720.5689697,587.8031006,652.9472656,135,108,107,95,90,99,670.3411255,522.041748,507.0849609,444.5068359,405.2776152,445.8053894
139,172,144,179,127,160,1148.760376,1367.684448,1109.399048,1346.97876,926.0609741,1129.464966,30,17,13,16,11,20,247.9338837,135.1781158,100.1540833,120.4003296,80.21000671,141.1831207,27,65,28,32,25,40,223.1405029,516.8574829,215.7164917,240.8006592,182.2954712,282.3662415,45,45,30,14,15,27,371.9008179,357.8244324,231.1248016,105.3502884,105.8873359,190.5971985
116,146,140,125,136,131,993.8314209,1236.868896,1183.131958,1059.142578,1146.905029,1094.585571,33,18,19,15,23,14,282.7279053,152.4906769,160.5679016,127.0970993,193.9618835,116.9786072,41,110,70,68,67,53,351.2680054,931.8875122,591.565979,576.1735229,565.0194092,442.8475952,86,61,48,38,38,31,736.8060303,516.7739868,405.6452332,321.9793396,317.513369,259.0240784
299,256,218,230,302,339,1033.636353,872.7966919,738.7075806,779.3704224,1014.784973,1124.937744,39,36,35,30,42,44,134.8221436,122.7370377,118.5998459,101.6570129,141.1290283,146.0096283,91,132,143,135,102,97,314.5849915,450.0357971,484.5650635,457.456543,342.7419434,321.8848572,135,72,112,94,52,85,466.6920166,245.4740753,379.5195007,318.5252991,172.5568276,282.0640564
67,73,58,51,59,81,827.3648071,893.4035034,708.786499,626.4586792,721.977478,984.3237305,15,10,5,13,11,11,185.2309265,122.3840408,61.10228348,159.6855469,134.6059723,133.6735992,27,18,27,27,22,34,333.4156494,220.291275,329.9523315,331.6546021,269.2119446,413.1729126,6,18,20,20,6,11,74.09236908,220.291275,244.4091339,245.6700592,72.91286912,133.6735992
55,73,35,54,76,80,451.1154785,595.7238159,286.8382263,445.7652283,628.6187134,657.4622192,18,22,15,5,9,9,147.6378021,179.5332184,122.9306641,41.27455902,74.44168854,73.96450043,34,43,34,32,29,32,278.8713989,350.9058228,278.6428528,264.1571655,239.8676605,262.9848633,49,38,36,17,21,15,401.90289310000003,310.1028137,295.0335999,140.3334961,172.5838264,123.2741623
51,74,71,53,95,106,651.5906372,941.4758301,905.0350342,681.4091187,1222.651245,1365.275635,6,10,7,12,14,18,76.65772247,127.2264633,89.22880554,154.281311,180.1801758,231.8392639,23,35,50,41,31,25,293.8546143,445.2926331,637.3486328,527.1278076,398.9703979,321.9989624,11,11,32,26,27,11,140.5391541,139.9491119,407.9031372,334.2761536,347.7588872,141.6795502
101,83,60,83,115,132,1000.396179,816.607605,590.609314,821.9449463,1136.700562,1297.552368,33,20,16,12,22,21,326.8621216,196.7729187,157.4958191,118.8354111,217.4557648,206.4287872,30,40,40,51,57,23,297.1473999,393.5458374,393.7395325,505.0505066,563.4081421,226.0886688,23,28,39,65,31,13,227.8129883,275.4820862,383.8960571,643.6918335,304.7282021,127.7892456
121,129,119,113,117,127,797.1014404,841.8167725,776.965271,741.5184937,765.105957,824.675354,20,11,23,15,33,7,131.7523041,71.78282166,150.169754,98.43165588,215.799118,45.45454407,38,48,41,38,35,23,250.3293762,313.2341309,267.6939087,249.360199,228.8778381,149.350647,26,39,56,60,33,16,171.2779999,254.5027466,365.6307068,393.7266235,214.2857143,103.8961029
96,102,71,78,110,102,732.6566162,771.0916138,536.3753052,591.7608643,831.3179932,767.956604,27,12,6,8,8,7,206.0596771,90.71665955,45.32749176,60.69342422,60.45949173,52.70290756,24,33,34,31,24,25,183.1641541,249.4708252,256.8557739,235.1870117,181.378479,188.2246704,21,24,32,19,14,9,160.2686462,181.4333191,241.7466125,144.1468811,105.4058124,67.76087952
100,84,87,91,121,113,442.8305664,368.2111206,380.8606567,399.5258484,528.8461304,489.2410278,11,16,7,17,20,16,48.71136475,70.13545227,30.64396095,74.63669586,87.41259003,69.27306366,43,58,64,39,43,39,190.4171448,254.2409973,280.1733704,171.2253571,187.9370575,168.8531036,37,37,47,21,21,25,163.8473053,162.1882324,205.7523041,92.19827271,90.92089882,108.2391663
182,183,144,183,215,218,817.5733643,811.8539429,636.0424194,809.0900879,944.1834106,947.3729858,32,27,26,28,23,17,143.7491608,119.7817307,114.8409882,123.7952042,101.0056686,73.87770844,79,62,61,67,69,44,354.8807373,275.0543518,269.4346313,296.2242432,303.0169983,191.2128906,45,31,49,42,45,27,202.1472473,137.5271759,216.4310913,185.6928101,195.5586459,117.3351898
123,115,112,116,115,144,756.132019,703.8374634,686.9058838,717.644165,711.5895996,891.2545776,18,13,27,10,10,28,110.6534729,79.56423187,165.5933838,61.86587524,61.87735748,173.2994995,41,63,31,16,25,18,252.0440216,385.5805054,190.1257324,98.98539734,154.6934052,111.4068222,17,4,17,17,11,16,104.5060577,24.48130226,104.2624969,105.1719894,68.08194591,99.02828217
41,35,31,33,41,32,499.5126648,424.6026917,377.2207336,404.8583069,503.6236267,393.072113,6,3,6,2,5,NA,73.09941864,36.39451599,73.01046753,24.53686714,61.4175148,NA,14,10,12,11,6,12,170.5653076,121.3150558,146.0209351,134.952774,73.70101929,147.4020386,6,8,7,3,1,5,73.09941864,97.05204773,85.17887878,36.80530167,12.28350326,61.4175148
84,88,59,61,70,102,470.3774109,489.6233215,329.0758057,342.5811462,392.861145,570.3740845,11,11,9,6,5,4,61.59704208,61.20291519,50.19800186,33.6965065,28.06151009,22.36761093,18,24,33,23,26,12,100.7951584,133.5336304,184.0593414,129.1699371,145.9198608,67.10283661,9,12,21,22,13,4,50.39757919,66.76681519,117.1286774,123.5538559,72.69473802,22.36761093
58,45,28,35,67,63,604.6075439,466.5146179,291.4541626,367.3769226,703.633667,660.3773804,6,9,5,7,7,6,62.54560471,93.30292511,52.04538345,73.47538757,73.51396942,62.89308167,28,13,15,6,22,7,291.8794861,134.7708893,156.1361542,62.97890091,231.0438995,73.3752594,3,0,8,4,7,6,31.27280235,0,83.27261353,41.98593521,73.37526205,62.89308167
31,43,32,25,42,58,289.8008728,398.8868408,297.0664673,233.7103882,391.6083984,538.4329834,19,20,7,5,13,18,177.6198883,185.5287628,64.98329163,46.74207687,121.2121201,167.099884,22,27,29,12,22,31,205.6651459,250.4638214,269.2164917,112.1809845,205.1282043,287.7831421,5,8,8,7,5,15,46.74207687,74.21150208,74.26661682,65.43891144,46.41663572,139.2499084
103,91,89,95,129,187,440.660553,383.6424866,372.4628601,397.0575867,533.8961792,764.0761719,25,11,17,10,14,24,106.9564438,46.37436676,71.14459229,41.79553604,57.9422226,98.06324768,62,68,32,38,32,54,265.2519836,286.6779175,133.9192352,158.8230438,132.4393616,220.6423187,53,50,58,29,33,28,226.7476654,210.7925873,242.7286072,121.2070541,134.8369698,114.4071274
84,103,78,87,101,106,336.4036865,406.4078369,305.8463745,340.7755432,392.2025452,405.5863647,13,26,10,12,13,9,52.0624733,102.5883865,39.21107483,47.00352478,50.48151779,34.43658066,45,54,50,28,50,52,180.2162628,213.0681763,196.0553589,109.6748886,194.1596832,198.9669037,46,35,20,31,16,19,184.2210693,138.0997467,78.42214966,121.4257736,61.22058542,72.69944763
85,112,111,90,98,136,539.6482544,706.0455322,698.9924316,568.5407715,617.2450562,853.2530518,22,25,22,12,17,21,139.6736755,157.5994415,138.5390472,75.80543518,107.0731277,131.7523041,75,95,67,67,53,48,476.1602478,598.8778687,421.9143677,423.2470093,333.8162231,301.1481323,68,54,45,24,21,21,431.7186279,340.4147949,283.3753052,151.6108704,131.7523057,131.7523041
220,256,251,274,274,324,992.0187378,1138.587402,1108.951172,1209.125854,1199.597168,1405.395996,37,34,19,20,9,23,166.8395233,151.2186432,83.94451141,88.25735474,39.40282822,99.76576996,78,89,89,63,61,63,351.7157288,395.8370361,393.2137451,278.0106812,267.0635986,273.2714539,44,78,50,32,29,30,198.4037476,346.9133606,220.906601,141.2117767,125.7916197,130.1292572
87,88,84,107,113,129,530.4230957,526.8199463,497.7187805,630.784668,657.9330444,741.421936,12,10,9,10,14,15,73.16181183,59.86590195,53.32701492,58.95183563,81.51382446,86.21185303,56,58,54,40,32,32,341.4217834,347.222229,319.9620667,235.8073425,186.3173218,183.9186096,56,64,74,42,19,17,341.4217834,383.1417542,438.4665527,247.5977173,109.2016783,97.70676422
118,91,86,89,86,148,945.2855835,722.7384644,682.3230591,708.0350342,681.4039917,1164.529053,26,32,20,4,19,29,208.2832642,254.1497955,158.6797791,31.82179832,150.5427399,228.1847534,46,44,56,29,27,36,368.5011597,349.4559631,444.3034058,230.7080383,213.9291687,283.2638245,30,45,37,28,37,58,240.3268433,357.3981323,293.5575867,222.7525787,291.1322685,456.3695068
123,114,103,127,137,139,710.7772217,651.6147461,587.2626953,726.0877075,779.3833008,780.2851563,15,22,21,19,31,25,86.68015289,125.7502136,119.7331696,108.6272964,176.3568115,140.3390656,63,110,86,49,69,73,364.0566406,628.7510986,490.3358154,280.1440735,392.5361328,409.7900391,66,59,80,39,31,46,381.3926697,337.2391968,456.1263428,222.971817,174.0204334,258.223877
123,149,99,120,117,166,432.2462769,517.4329834,342.4776001,415.5844116,402.3522034,564.1652832,36,34,23,18,29,30,126.5111084,118.0719528,79.56550598,62.33766174,99.72832489,101.9575882,58,34,30,31,31,45,203.8234406,118.0719528,103.7810898,107.3593063,106.6061401,152.9363708,9,4,6,17,4,7,31.6277771,13.8908186,20.75621796,58.87445831,13.59434475,23.79010391
39,44,40,26,32,52,235.3083191,263.7415466,239.9232178,156.8343658,192.6318359,310.7817383,9,14,10,8,9,14,54.30191803,83.91776276,59.98080444,48.25672531,54.17770386,83.6720047,33,12,19,17,15,17,199.1070404,71.92951202,113.9635315,102.5455399,90.2961731,101.6017227,1,3,6,8,2,11,6.033546448,17.98237801,35.98848343,48.25672531,11.95314368,65.74228668
148,153,132,148,142,167,641.7761841,658.5744019,567.6442871,640.0276489,612.2009277,711.0921631,16,13,5,4,13,13,69.3812027,55.95730209,21.50167656,17.29804611,56.04656219,55.35448074,14,16,12,10,22,24,60.70855713,68.87052155,51.60402679,43.24511337,94.84803009,102.1928864,2,7,4,5,4,6,8.672650337,30.13085365,17.20134163,21.62255669,17.03214818,25.54822159
108,122,114,97,122,146,595.9278564,666.3389893,620.2056274,528.5527344,660.9241943,785.2839966,13,13,11,9,10,16,71.73205566,71.00333405,59.84440613,49.04097748,54.17411423,86.05851746,36,59,34,22,38,26,198.6426086,322.2458801,184.9736176,119.8779449,205.8616333,139.8450928,3,1,1,3,5,2,16.55355072,5.461794853,5.4404006,16.34699249,26.89328744,10.75731468
74,75,80,87,108,132,255.7368011,254.5220032,268.4924011,290.2418823,355.5789795,425.1618652,8,13,7,3,20,24,27.64722061,44.11714935,23.49308586,10.00833988,65.8479538,77.30215454,85,81,41,23,47,99,293.7517395,274.8837585,137.602356,76.73060608,154.7427063,318.8713989,13,2,6,12,8,14,44.92673492,6.78725338,20.13693047,40.03335953,25.76738493,45.09292221
33,45,47,44,36,48,336.6316528,448.9673767,462.5984192,429.4777832,345.7881165,448.3048401,1,13,8,5,3,3,10.20095921,129.7016907,78.74015808,48.80429459,28.81567574,28.01905251,53,53,30,19,45,96,540.6508179,528.7838135,295.2756042,185.4563141,432.2351379,896.6096802,3,6,11,1,3,8,30.60287666,59.86231613,108.2677155,9.760858536,28.01905296,74.71747589
59,63,48,50,58,58,312.5827942,328.2617798,247.8314819,257.4267578,294.9252625,287.0576477,5,11,9,2,8,15,26.49006653,57.31554794,46.46840286,10.2970705,40.67934418,74.23905182,81,84,50,33,52,90,429.1390686,437.682373,258.1577759,169.9016571,264.415741,445.4342957,7,4,16,14,8,11,37.0860939,20.84201813,82.61048889,72.07949066,39.59415986,54.44197083
39,59,52,44,42,52,160.4212036,239.1568756,209.3229218,176.7849274,167.0445099,203.2599792,13,14,18,10,12,12,53.47373581,56.74908829,72.45793152,40.1783905,47.72700119,46.906147,101,90,63,30,64,122,415.4497986,364.8155518,253.6027679,120.5351791,254.5440063,476.8791809,20,20,8,3,6,7,82.26728821,81.07012939,32.20352554,12.05351734,23.45307431,27.3619194
65,70,97,93,66,89,379.4069519,403.0864868,555.2693481,532.5240479,374.7445068,497.9856873,32,9,11,12,14,24,186.7849579,51.82540512,62.96868896,68.71278381,79.49125671,134.288269,50,39,39,16,37,58,291.8515015,224.5767517,223.2526245,91.61704254,210.0840302,324.5299988,4,5,11,12,1,11,23.34811974,28.79189301,62.96868896,68.71278381,5.595344673,61.54878998
95,105,82,82,120,115,524.2536011,567.4141846,437.1468201,433.6100769,624.1872559,588.3556519,32,25,25,29,3,38,176.5906982,135.0986176,133.276474,153.3498993,15.60468102,194.4131775,35,20,23,16,30,40,193.1460724,108.0788956,122.6143494,84.60684204,156.046814,204.6454468,8,11,13,18,18,6,44.14767456,59.44339371,69.30376434,95.18270111,92.09045329,30.6968174
169,157,175,202,229,200,671.7545166,615.8311768,681.9953003,786.9721069,884.5114136,761.4696655,24,18,23,19,30,30,95.3970871,70.60485077,89.63367462,74.02212524,115.874855,114.2204437,54,53,31,35,36,52,214.6434479,207.8920593,120.8106003,136.3565521,139.0498199,197.9821014,16,16,23,17,13,20,63.59806061,62.75986481,89.63367462,66.23032379,49.49552637,76.14696503
100,105,93,89,88,119,365.1100769,380.3107605,336.6028442,323.8012085,319.1875305,428.9524841,15,8,17,8,14,4,54.76651382,28.97605896,61.52955246,29.10572624,50.77983475,14.41857147,40,38,15,25,31,29,146.0440369,137.6362762,54.29078293,90.95539856,112.4410629,104.5346375,5,11,14,17,4,5,18.25550461,39.84207916,50.67139435,61.84967041,14.41857112,18.02321434
67,57,60,55,58,88,404.7849121,339.9129333,355.9985657,326.1385193,341.3170166,509.9971008,10,15,7,9,17,16,60.41566086,89.45077515,41.53316879,53.3681221,100.0411911,92.72674561,32,22,27,18,24,42,193.3301086,131.1944733,160.1993561,106.7362442,141.2346191,243.4077148,9,6,12,5,7,5,54.3740921,35.78030777,71.19971466,29.6489563,40.56795132,28.977108
85,91,81,97,117,134,479.4134216,503.4856567,442.7197266,526.8875732,626.3048096,701.9749756,11,16,16,13,19,16,62.0417366,88.52495575,87.45080566,70.61380005,101.7076187,83.81790924,52,44,33,36,39,68,293.288208,243.4436188,180.3672943,195.5458984,208.7682648,356.2261047,11,9,11,12,15,9,62.0417366,49.79528427,60.12243271,65.18196869,78.5792865,47.14757156
97,112,102,88,86,125,416.6845703,473.7933044,428.5714417,369.1430054,357.484314,510.9339905,10,15,23,7,5,17,42.95717239,63.45446014,96.63865662,29.36364746,20.78397179,69.4870224,52,32,34,23,15,49,223.3772888,135.3695221,142.85714719999999,96.4805603,62.35191345,200.2861176,12,10,33,13,7,9,51.54860687,42.3029747,138.6554565,54.53248978,28.61230329,36.7872467
176,206,157,162,180,207,1143.822754,1302.066895,971.3543091,986.7819824,1073.409302,1199.443726,47,42,40,17,32,74,305.4526672,265.4699402,247.4788055,103.5511932,190.8283081,428.7866516,64,87,75,63,59,154,415.9355164,549.9020386,464.0227661,383.7485657,351.8396912,892.3397827,15,20,33,29,18,13,97.48488617,126.4142609,204.1700134,176.6461639,104.2994553,75.32738495
105,105,94,138,159,166,563.6070557,560.1195068,501.6543884,740.62146,851.5424194,885.9003296,20,23,16,15,12,30,107.3537292,122.6928406,85.38798523,80.50233459,64.26734924,160.1024628,33,50,33,25,20,39,177.1336517,266.7235718,176.1127167,134.1705627,107.1122513,208.1332092,6,4,1,7,4,5,32.20611954,21.3378849,5.336749077,37.56775665,21.34699541,26.68374443
27,28,28,32,51,50,259.7902527,266.3369141,265.579071,304.5298767,483.0002747,472.8132324,6,4,2,1,5,5,57.73116684,38.04813004,18.96993256,9.516558647,47.35297012,47.28132248,7,15,10,10,21,17,67.35302734,142.6804962,94.84966278,95.16558838,198.8824768,160.7565002,1,0,2,1,0,NA,9.621860504,0,18.96993256,9.516558647,0,NA
72,64,60,62,73,89,702.2335205,618.8956299,579.4862061,601.3579102,705.5866699,855.4401855,8,3,8,6,4,2,78.02593994,29.01073456,77.26482391,58.19592667,38.66228485,19.22337532,9,14,15,7,10,19,87.77919006,135.3834229,144.8715515,67.89524841,96.65571594,182.6220703,0,2,5,0,1,NA,0,19.34048843,48.2905159,0,9.611687812,NA
355,378,347,331,333,409,1213.260376,1279.837524,1172.138916,1121.615723,1123.0271,1368.030273,91,82,47,40,51,106,311.0047913,277.6366882,158.7623291,135.5426788,171.9951477,354.5506287,122,111,105,114,127,218,416.9514771,375.8252869,354.6817932,386.2966309,428.3016357,729.170166,36,18,39,18,34,16,123.0348587,60.94464111,131.7389526,60.99420547,113.723785,53.51707458
307,351,285,315,283,327,965.6821289,1094.61731,887.1595459,984.6211548,880.9613037,1013.922058,53,50,50,29,31,31,166.7138519,155.9283905,155.6420288,90.6476593,96.50106049,96.12104797,38,36,51,41,34,43,119.5306854,112.2684479,158.7548676,128.1570435,105.8398743,133.3291931,8,8,15,6,5,5,25.16435432,24.94854355,46.69260788,18.754688260000002,15.50339524,15.50339508
57,69,62,55,60,81,471.2301636,566.0377197,508.5718994,453.4212646,493.7052612,663.9344482,7,5,3,10,2,3,57.87036896,41.01722717,24.60831833,82.44023132,16.45684242,24.59016418,8,25,25,18,17,22,66.13756561,205.0861359,205.0693207,148.3924103,139.8831635,180.3278656,1,13,35,10,24,11,8.267195702,106.6447906,287.0970459,82.44023132,196.7213115,90.1639328
36,31,29,50,33,38,204.8014526,174.1181793,162.0473785,279.7672424,183.1298523,208.9634247,8,2,8,3,4,5,45.51143646,11.23343086,44.70272827,16.78603363,22.19755745,27.49518776,34,45,40,39,41,49,193.4235992,252.7521973,223.5136414,218.2184448,227.5249786,269.4528503,23,26,48,28,10,12,130.8453674,146.0345917,268.2163696,156.66964719999999,54.99037668,65.9884491
93,121,98,118,114,128,422.1324463,544.0647583,439.1664734,530.9814453,509.7705994,568.6867065,4,13,5,14,19,12,18.15623474,58.45323563,22.40645218,62.9977951,84.9617691,53.31437683,24,28,41,35,53,49,108.9374084,125.8992844,183.7329102,157.4944916,236.9986115,217.7003784,3,8,15,17,16,10,13.61717606,35.97122192,67.21936035,76.49732208,71.08583615,44.42864609
133,143,114,115,161,133,680.5853882,725.3728027,577.3028564,583.8452759,813.8300781,668.3081055,7,12,19,12,8,3,35.8202858,60.87044907,96.21714783,60.92298508,40.43875885,15.07461929,26,56,25,38,47,44,133.0467682,284.0620728,126.6015091,192.9227753,237.577713,221.0944214,9,5,6,7,7,8,46.05465317,25.36268616,30.38436127,35.53840637,35.17411185,40.19898605
76,86,87,99,96,107,412.3263855,442.0230408,427.6445007,469.3055115,435.4531555,469.6690369,10,7,6,8,12,13,54.25347137,35.97861862,29.49272537,37.92367935,54.43164444,57.06259155,22,39,33,24,36,25,119.3576355,200.452301,162.2099915,113.7710342,163.2949219,109.7357559,1,6,12,19,7,8,5.425347328,30.83881569,58.98545074,90.06873322,30.72601176,35.11544037
62,70,70,71,120,137,267.1492615,293.8583679,288.3268738,288.6765747,477.9733887,533.3852539,6,15,18,4,10,9,25.85315323,62.96965027,74.1411972,16.26346779,39.83111572,35.03990555,50,37,30,29,30,66,215.4429474,155.3251343,123.5686646,117.910141,119.4933472,256.9593201,15,9,46,11,7,17,64.63288879,37.78178787,189.4719543,44.7245369,27.25326066,66.18649292
86,85,60,85,81,87,518.6346436,504.8105469,354.1703491,501.1496887,473.1861267,501.7879944,7,10,15,9,9,20,42.21445084,59.38947678,88.54258728,53.06290817,52.57623672,115.3535614,64,53,38,27,38,36,385.9606934,314.7642212,224.3078918,159.1887207,221.9885559,207.6363983,6,7,1,8,9,8,36.183815,41.57263184,5.902839184,47.16703033,51.9091014,46.14142227
43,47,33,27,40,60,322.9682922,349.0012512,244.4263458,200.4603119,295.7267456,439.8504639,6,6,2,2,2,7,45.06534576,44.55335236,14.81371784,14.84891224,14.78633785,51.31588745,29,21,33,10,10,27,217.8158264,155.9367371,244.4263458,74.24456024,73.9316864,197.9327087,1,2,3,1,0,3,7.510890961,14.85111713,22.22057533,7.42445612,0,21.99252319
70,68,50,44,41,68,394.76651,380.4195862,279.6264343,247.4690704,229.3963013,376.1894226,17,17,14,9,32,13,95.87187195,95.10489655,78.2953949,50.61867142,179.0410156,71.91856384,42,35,18,20,31,40,236.8599091,195.8041992,100.6655121,112.485939,173.4459839,221.2879028,8,9,0,4,0,2,45.11617279,50.34965134,0,22.49718857,0,11.06439495
30,36,37,27,43,44,233.6994629,275.9466553,281.5829468,205.2451477,323.2110596,325.8535156,8,5,12,2,7,8,62.31985855,38.32592392,91.32420349,15.20334435,52.61575317,59.24609375,23,26,43,17,42,20,179.1695862,199.2947998,327.2450562,129.2284241,315.694519,148.1152344,9,5,8,0,12,2,70.10984039,38.32592392,60.88280106,0,88.86914019,14.81152344
57,59,70,95,90,96,524.0897217,531.435791,622.6096191,838.8521118,783.0172119,827.5148926,10,30,16,1,7,7,91.9455719,270.2215881,142.3107758,8.830021858,60.90134048,60.33962631,39,29,34,15,33,27,358.5877075,261.2142029,302.4104004,132.4503326,287.1063232,232.7385559,35,11,8,11,30,16,321.8094788,99.08124542,71.15538788,97.13024139,258.5983967,137.9191437
105,108,87,116,163,168,879.3969727,895.6708984,720.3179321,962.6555786,1346.884766,1376.485107,20,17,11,14,16,16,167.5041809,140.9852448,91.07468414,116.1825714,132.209549,131.093811,21,25,41,18,24,38,175.8793945,207.3312378,339.4601746,149.377594,198.3143311,311.3478088,35,9,16,9,21,9,293.1323242,74.63924408,132.4722595,74.688797,172.0606309,73.74027252
88,91,109,82,104,137,335.8009644,344.0843811,411.5381775,310.8179932,392.3936157,512.571106,27,24,20,19,7,18,103.0298386,90.74753571,75.51158905,72.01879883,26.41110802,67.34510803,39,64,35,30,44,101,148.8208771,241.9934235,132.1452789,113.7138977,166.0126801,377.8808594,12,11,13,5,10,7,45.79103851,41.59262085,49.08253479,18.95231628,37.41394792,26.18976402
31,29,11,30,21,65,319.0285034,293.7303772,110.4306793,300.5409851,208.1474915,633.713562,16,13,4,14,8,8,164.6598816,131.6722412,40.1566124,140.2524567,79.29428101,77.99551392,18,25,21,9,13,55,185.2423553,253.2158356,210.8222046,90.16229248,128.8532104,536.2191772,7,7,12,6,6,9,72.03869629,70.9004364,120.4698334,60.10819626,58.49663644,87.74495697
45,52,63,48,52,66,368.8524475,420.5758667,506.7975159,385.6660767,414.540802,519.1536255,6,10,9,2,5,1,49.18032837,80.87997437,72.39964294,16.06941986,39.85969543,7.865963936,16,8,14,12,21,12,131.1475372,64.70397949,112.6216736,96.41651917,167.4107208,94.39157104,2,3,2,4,4,3,16.39344215,24.26399231,16.08880997,32.13883972,31.4638559,23.59789276
24,14,42,25,35,45,221.4839478,128.7593079,387.2395325,232.7313385,325.8542175,418.9554138,4,13,17,8,11,4,36.91399002,119.5622177,156.7398071,74.47402954,102.4113235,37.24047852,25,25,12,9,12,15,230.7124329,229.9273376,110.6398697,83.78327942,111.7214432,139.6517944,5,9,1,1,1,1,46.14248657,82.77384186,9.219988823,9.309253693,9.310120101,9.310119629
34,44,42,38,57,90,175.3390808,225.3290253,215.1859894,195.8964844,293.1194153,460.1697388,9,11,19,4,12,13,46.4132843,56.33225632,97.34603882,20.62068176,61.70935059,66.46896362,33,20,12,14,18,31,170.1820374,102.422287,61.48170853,72.17238617,92.56402588,158.5029144,2,3,4,0,0,2,10.31406307,15.36334324,20.49390221,0,0,10.22599411
21,26,23,25,27,25,178.1321564,216.6486053,190.0983582,205.5921021,219.3695221,199.1714478,3,15,9,2,2,12,25.44745064,124.9895859,74.38631439,16.44736862,16.24959373,95.60229492,22,33,12,12,13,63,186.6146393,274.9770813,99.18174744,98.68421173,105.6223602,501.9120483,6,5,2,5,1,2,50.89490128,41.66319656,16.53029251,41.11841965,7.966857871,15.93371582
23,35,33,35,31,53,141.6866913,211.9542236,197.9129181,208.9926605,182.9772186,306.8728027,6,3,9,NA,6,7,36.96174622,18.16750526,53.97624969,NA,35.4149437,40.5303688,45,53,23,16,30,63,277.2130737,320.959259,137.9393005,95.53949738,177.0747223,364.7733154,3,1,4,6,2,2,18.48087311,6.05583477,23.98944473,35.82731247,11.58010538,11.58010578
39,36,23,31,32,53,362.6220398,328.3772583,207.5437622,278.0518494,283.7633972,464.993866,5,5,2,1,9,6,46.49000549,45.60795593,18.04728317,8.969414711,79.80845642,52.64081573,29,23,9,16,10,13,269.6420288,209.7965851,81.21277618,143.5106354,88.67606354,114.0550995,3,1,1,3,4,1,27.89400291,9.121590614,9.023641586,26.90824318,35.09387612,8.773468971
78,96,95,57,98,123,333.3333435,405.7995605,400.3708801,240.9842377,411.5744934,510.4369812,17,38,16,6,15,17,72.64957428,160.6289825,67.43088531,25.36676025,62.99609375,70.54820251,66,42,21,21,27,31,282.0512695,177.5373077,88.5030365,88.78366089,113.3929672,128.6467133,3,2,1,6,5,3,12.82051277,8.454156876,4.214430332,25.36676025,20.74947089,12.44968224
97,97,100,99,132,151,423.0266113,421.2446289,435.5210876,434.9736328,579.8374634,663.4738159,18,14,6,9,10,23,78.49977875,60.79819489,26.13126564,39.54305649,43.92708206,101.0589218,39,27,14,17,15,40,170.0828552,117.2536621,60.9729538,74.69244385,65.890625,175.7546539,5,5,5,3,5,1,21.80549431,21.71364021,21.77605438,13.18101978,21.96933081,4.393866062
56,71,49,69,64,61,567.088623,715.3652344,494.0014038,701.1482544,649.6143188,617.1590576,13,16,7,7,15,14,131.6455688,161.2090607,70.57163239,71.13098145,152.2533569,141.6430664,7,10,13,10,9,16,70.88607788,100.7556686,131.0615997,101.6156921,91.35201263,161.8777771,2,1,2,0,2,6,20.25316429,10.07556629,20.16332245,0,20.23472278,60.70417023
76,58,49,48,58,76,702.7277222,534.315979,452.6140747,447.0522461,540.9438477,708.822998,22,22,14,10,13,24,203.4211731,202.6715851,129.3183136,93.13588715,121.2460327,223.8388367,18,14,18,29,21,16,166.4355011,128.9728241,166.2664032,270.0940552,195.8589783,149.2258911,1,1,1,2,1,1,9.246417046,9.21234417,9.2370224,18.62717628,9.326618168,9.326618195
53,75,56,61,52,66,500.8978271,704.9534912,527.5553589,578.8025513,493.6865234,626.7806396,11,10,9,6,16,13,103.9599304,93.9937973,84.78568268,56.93139648,151.9035339,123.4567871,16,14,11,8,17,23,151.214447,131.5913086,103.6269455,75.90853119,161.3975067,218.4235535,0,0,0,1,0,5,0,0,0,9.488566399,0,47.48337936
256,275,207,212,262,297,738.6888428,786.1185913,590.1639404,607.2062988,747.0133667,839.3150024,62,59,31,50,54,54,178.9011993,168.6581726,88.38204193,143.2090302,153.9645844,152.6027222,27,35,18,16,26,24,77.90858459,100.0514526,51.31860352,45.82688904,74.13109589,67.82343292,3,5,10,6,8,11,8.656509399,14.29306507,28.51033592,17.18508339,22.607811,31.08574104
318,257,250,243,269,322,907.4306641,723.597168,699.9664307,680.8439331,747.5752563,884.9071045,91,72,76,53,69,77,259.6735535,202.7198181,212.7897797,148.4968262,191.7572174,211.6082153,170,135,111,98,135,212,485.1044312,380.0996704,310.7850952,274.5790405,375.1771545,582.6096802,9,7,5,12,6,10,25.68199921,19.70887184,13.99932766,33.62192154,16.4889524,27.48158646
186,205,260,207,232,231,819.8166504,895.5875854,1134.776489,908.0540161,1014.074646,1002.299622,26,44,23,12,19,28,114.5980225,192.2236786,100.384079,52.64081573,83.04921722,121.4908676,30,38,24,27,33,29,132.2284851,166.0113525,104.7486038,118.4418335,144.2433777,125.8298264,10,7,2,7,3,5,44.07616425,30.58103943,8.729050636,30.707141880000002,13.01687855,21.69479752
74,78,55,57,82,104,650.7210693,673.9243164,470.4876099,485.2715759,689.1335449,858.0150146,19,8,7,4,8,13,167.0770264,69.12044525,59.88024139,34.05414581,67.23254395,107.2518768,24,23,20,12,32,23,211.0446777,198.7212677,171.0863953,102.1624374,268.9301758,189.7533264,4,1,5,3,5,NA,35.17411041,8.640055656,42.77159882,25.54060936,41.25072189,NA
120,168,95,134,119,159,732.7796631,1017.195435,574.2609863,813.7981567,719.7290649,959.6813354,30,27,14,18,38,14,183.1949158,163.4778442,84.62793732,109.3161697,229.8294373,84.50024414,44,62,34,30,35,29,268.6858826,375.3935547,205.5249939,182.1936035,211.6850128,175.0362091,2,1,4,2,1,2,12.21299458,6.054734707,24.17941093,12.14624119,6.035731531,12.07146263
109,113,92,101,127,165,833.5882568,855.6716919,695.9678955,766.3126221,959.359436,1229.050293,31,28,26,14,30,25,237.0755615,212.0248413,196.6865845,106.22155,226.6203308,186.2197418,56,59,25,41,55,90,428.2655334,446.7666321,189.1217194,311.0773926,415.4706116,670.3910522,2,7,1,2,2,4,15.29519749,53.00621033,7.564868927,15.17450714,14.89757914,29.79515839
